rest_name,cuisine,ratings,location,num_reviews,city
Umeko Restaurant,"Chinese, Japanese",4.5,Zhongshan District,635,Taipei
食令Shabu,"Seafood, Asian",4.9,Xinyi District,1374,Taipei
Din Tai Fung,Taiwanese,4.5,Xinyi District,4722,Taipei
A Point Steak & Bar,"Steakhouse, Diner",4.9,Xinyi District,467,Taipei
Shin Yeh Taiwanese Cuisine-Original Restaurant,"Chinese, Asian",4.2,Zhongshan District,686,Taipei
Formosa Restaurant,"Chinese, Asian",4.9,Da'an,169,Taipei
Mosun Teppanyaki,"Southwestern, Asian",4.9,Da'an,831,Taipei
Host Shabu,"Seafood, Asian",4.8,Xinyi District,2441,Taipei
Yang Shin Vegetarian Restaurant,"Cantonese, Taiwanese",4.4,Zhongshan District,2431,Taipei
Hangzhou Xiaolong Bao,"Chinese, Asian",4.2,Da'an,806,Taipei
Umeko Japanese Unagi House,"Japanese, Sushi",4.8,Taipei,360,Taipei
Fuda Dumpling,"Chinese, Asian",4.4,Zhongshan District,363,Taipei
Din Tai Fung (Shinkong Mitsukoshi),"Asian, Taiwanese",4.4,Zhongshan District,739,Taipei
Din Tai Fung,"Chinese, Asian",4.4,Zhongzheng District,4914,Taipei
Shang Palace,"Chinese, Asian",4.8,Da'an,449,Taipei
Le Mian Wu Japanese Restaurant,Japanese,4.8,Wanhua,377,Taipei
Palais de Chine Hotel -Le Palais,"Chinese, Asian",4.5,Datong,928,Taipei
Sihai Soy Milk,"Chinese, Asian",4.3,Datong,150,Taipei
Yen Chinese Restaurant,"Chinese, Asian",4.7,Xinyi District,1415,Taipei
Yangtse River,"Chinese, Asian",4.9,Da'an,348,Taipei
Modern Toilet Restaurant,Asian,4.7,Shilin,575,Taipei
Nowhere Taipei,"Mexican, Bar",5,Taipei,65,Taipei
Matsusaka Tei,"Japanese, Barbecue",4.9,Xinyi District,359,Taipei
Lao Shan Dong Noodles Made by Hand,"Chinese, Asian",4.1,Wanhua,61,Taipei
Le Blanc,"American, Steakhouse",4.8,Da'an,2583,Taipei
Din Tai Fung (Tienmu),"Chinese, Asian",4.5,Shilin,349,Taipei
CÉ LA VI Taipei,"Bar, Korean",4.5,Xinyi District,68,Taipei
Din Tai Fung (Fuxing Branch),"Chinese, Asian",4.4,Da'an,1119,Taipei
W XYZ Bar,"Bars & Pubs, American",4.9,Zhongshan District,560,Taipei
Shin Yeh Japanese Buffet - Guancian Restaurant,"Japanese, Seafood",4.4,Zhongzheng District,1753,Taipei
Kiki Restaurant,"Chinese, Asian",4.4,Da'an,440,Taipei
Meat Boss Shabu Shabu Hotpot - Dunhua South,"Chinese, Asian",4.8,Da'an,407,Taipei
Balle Balle Indian Restaurant,"Indian, Asian",4.6,Songshan,689,Taipei
Texas Roadhouse,"American, Steakhouse",4.3,Xinyi District,892,Taipei
Le Palais Restaurant,"Chinese, Asian",4.4,Datong,25,Taipei
Jin Feng Lu Rou Fan,Chinese,4.2,Zhongzheng District,867,Taipei
Wulao,"Chinese, Asian",4.4,Zhongshan District,778,Taipei
WOOBAR,"Bar, International",4.8,Xinyi District,979,Taipei
Shi Ling Shabu,"Seafood, Asian",4.9,Zhongshan District,162,Taipei
Le Mian Wu,"Japanese, Asian",4.9,Da'an,469,Taipei
Cafe - Grand Hyatt Taipei,"Chinese, International",4.2,Xinyi District,1659,Taipei
Yen Bar,"American, Bar",4.9,Xinyi District,401,Taipei
Diamond Tony's 101 Authentic Italian Cuisine,"Italian, Bar",4.2,Xinyi District,2228,Taipei
Liu Shandong Beef Noodles,Chinese,4.1,Zhongzheng District,192,Taipei
Prime One Steak House,Steakhouse,4.4,Zhongzheng District,292,Taipei
BravoCafe Taipei No.3,"Bars & Pubs, Italian",4.8,Zhongshan District,520,Taipei
Fuhong Beef Noodles,"Chinese, Asian",4.2,Wanhua,177,Taipei
Moonlight Cantonese Restaurant - COURTYARD TAIPEI,"Chinese, Asian",4.8,Nangang,411,Taipei
No 168 Prime Steakhouse,"Steakhouse, European",4.5,Zhongshan District,944,Taipei
Spice Market,"Seafood, Asian",4.3,Xinyi District,993,Taipei
Marshal Zen Garden,"Chinese, International",4.1,Beitou,302,Taipei
ikki New Japanese Restaurant(Taipei Hengyan),"Japanese, Asian",4.4,Zhongzheng District,656,Taipei
Taïrroir,"French, European",4.4,Zhongshan District,285,Taipei
Fresh & Aged Italian Steak House,"Steakhouse, Fusion",4.4,Neihu,447,Taipei
Addiction Aquatic Development,"Japanese, Seafood",4.2,Zhongshan District,1384,Taipei
ShinYeh Japanese Buffet - Jhongshan Restaurant,"Japanese, Sushi",4.3,Zhongshan District,2049,Taipei
A Cheng Goose,"Chinese, Asian",4.5,Zhongshan District,149,Taipei
Chamonix Teppanyaki - Taipei Zhongshan N.Branch,"Asian, Soups",4.5,Zhongshan District,1165,Taipei
Rakuken Taipei,"Japanese, Steakhouse",4.8,Da'an,345,Taipei
Grand Hilai,"Chinese, Japanese",4.3,Da'an,6461,Taipei
Lin Dong Fang Niu Rou Mian,"Chinese, Asian",4.2,Zhongshan District,581,Taipei
The Dragon - Sheraton Grand Taipei Hotel,"Chinese, Asian",4.5,Zhongzheng District,279,Taipei
Golden Formosa,Taiwanese,4.3,Shilin,77,Taipei
Top One Pot - Xinyi,"Chinese, Asian",4.4,Da'an,760,Taipei
Osteria By Vincent,"Chinese, American",4.8,Da'an,263,Taipei
Mediterranean Steak House At The Riviera Taipei,"Steakhouse, European",4.6,Zhongshan District,1316,Taipei
L'Atelier De Joël Robuchon,"French, European",4.3,Xinyi District,400,Taipei
Yi Jia Zi,"Asian, Taiwanese",4.5,Wanhua,20,Taipei
Silks Palace,"Asian, Cantonese",4,Shilin,318,Taipei
Taiwanese Cuisine & Champagne at Fujin Tree,"Chinese, Asian",4.1,Songshan,56,Taipei
Irodori Grand Hyatt Taipei,"Japanese, Sushi",4.2,Xinyi District,582,Taipei
Ya Ge,"Chinese, Asian",4.3,Songshan,135,Taipei
Danny’s Steakhouse,Steakhouse,4.3,Zhongshan District,1635,Taipei
Modern Toilet Theme Restaurant - Taipei Ximending,Asian,3.4,Wanhua,534,Taipei
Tim Ho Wan - HOYII Main Station,"Chinese, Asian",4,Zhongzheng District,780,Taipei
King of Soy Milk,"Fast Food, Asian",4.2,Zhongshan District,273,Taipei
Mayur Indian Kitchen MIK-1,"Indian, Pakistani",4.7,Xinyi District,1418,Taipei
Tha Top,"Chinese, Asian",4.1,Shilin,155,Taipei
Beef Noodle of the King,"Chinese, Asian",4.3,Zhongzheng District,218,Taipei
Rice & Shine Restaurant,"Chinese, Taiwanese",4.5,Datong,89,Taipei
Rilakkuma CafE,"American, Cafe",4.3,Da'an,2685,Taipei
Bencotto,Italian,4.4,Songshan,346,Taipei
Mayur Indian Kitchen,Indian,4.6,Zhongshan District,323,Taipei
Haidilao,"Chinese, Asian",4.3,Xinyi District,230,Taipei
Ichiran Ramen - Taiwan Taipei Shop,"Japanese, Fast Food",4.1,Xinyi District,160,Taipei
Pearl River,"Chinese, Asian",4.6,Da'an,227,Taipei
Ruth's Chris Steak House,"American, Steakhouse",4.5,Songshan,478,Taipei
Sunrise all day dinning - COURTYARD TAIPEI,"European, Asian",4.4,Nangang,1069,Taipei
Shin Yeh Shiao Ju-Nangang Restaurant,"Chinese, Asian",4.2,Nangang,45,Taipei
Yu Shan Ge,"Chinese, Asian",4.4,Zhongzheng District,375,Taipei
ShinYeh Japanese Buffet - Jiankang Restaurant,"Japanese, Sushi",4.3,Songshan,2168,Taipei
Lawry's The Prime Rib,"American, Steakhouse",4.4,Xinyi District,1983,Taipei
Din Tai Fung,"Chinese, Asian",4.5,Xinyi District,184,Taipei
Yakitori - Songjiang,"Japanese, Bar",4.4,Zhongshan District,457,Taipei
T.G.I.Friday's Hsi-Men Restaurant (Ximen Dian),"American, Bar",4.2,Wanhua,519,Taipei
Fruitful Food,"Chinese, Asian",4.4,Da'an,324,Taipei
Bravo Beer - Taipei Civic Store,"Italian, American",4.8,Songshan,536,Taipei
"M.O. Bar at Mandarin Oriental, Taipei","Bar, Wine Bar",4.8,Songshan,188,Taipei
Mayur Indian Kitchen MIK-2 - Minsheng E. Road,"Indian, Asian",4.6,Songshan,782,Taipei
Inparadise 饗饗,"French, Chinese",4.3,Xinyi District,155,Taipei
Tao-Yuan-Street Beef Noodle Shop,Taiwanese,4.1,Zhongzheng District,259,Taipei
Ximen Jinfeng,"Chinese, Asian",4.2,Wanhua,87,Taipei
Le Cafe - Hotel Royal-Nikko Taipei,NA,4.3,Zhongshan District,1844,Taipei
Jingding Xiaoguan,"Chinese, Asian",4.3,Songshan,248,Taipei
Tokiya (Beitou Guangming Branch),Asian,4.2,Beitou,173,Taipei
Yong Kang Beef Noodles,"Chinese, Asian",4,Da'an,851,Taipei
Zhouji Rouzhou,"Chinese, Asian",4.1,Wanhua,172,Taipei
Café Un Deux Trois,"Steakhouse, International",4.4,Songshan,716,Taipei
Top One Pot,"Chinese, Asian",4.3,Zhongshan District,677,Taipei
Merlot Cafe & Bistro,"Italian, European",4.6,Zhongshan District,394,Taipei
La Farfalla - Humble House Taipei,Italian,4.2,Xinyi District,2983,Taipei
Latest Recipe - Le Meridien Taipei,Asian,4.1,Xinyi District,2535,Taipei
Sunway Siokudo,"Japanese, Sushi",4.1,Wanhua,134,Taipei
Chousan,"Asian, Taiwanese",4.5,Shilin,51,Taipei
Hangzhou Xiaolong Tangbao,"Chinese, Asian",4.1,Songshan,175,Taipei
The Guest House - Sheraton Grande Taipei Hotel,"Chinese, Asian",4.2,Zhongzheng District,305,Taipei
Ruth's Chris Steak House,Steakhouse,4.5,Zhongshan District,265,Taipei
Gustoso Italian Restaurant- Madison Taipei Hotel,"Italian, Steakhouse",4.5,Da'an,295,Taipei
Toutouan Kaiseki Restaurant,Japanese,4.5,Da'an,525,Taipei
Chamonix Teppanyaki (Taipei Nanchang Branch),NA,4.4,Zhongzheng District,526,Taipei
Wang Steak (Zhongshan N. Branch),Steakhouse,4.2,Zhongshan District,395,Taipei
Rakumenya-Nangang Shop,Japanese,4.7,Nangang,387,Taipei
Qiao Zhi Wei Handmade Dumplings,"Chinese, Asian",4.4,Zhongzheng District,134,Taipei
Qi Yan No.1 Sichuan Cuisine,Chinese,4.6,Beitou,54,Taipei
Si Fang a Jiu Minced Pork Rice,"Chinese, Asian",4.3,Wanhua,92,Taipei
Gusto,"Italian, Pizza",4.7,Zhongzheng District,103,Taipei
AISIN GIORO Restaurant,"Chinese, Seafood",4.5,Da'an,821,Taipei
Thai Bazaar,"Asian, Thai",4.1,Xinyi District,250,Taipei
Just Italian Restaurant,"Italian, Pizza",4.2,Da'an,274,Taipei
Lan Jia Steamed Sandwich Shop,"Chinese, Fast Food",4.3,Zhongzheng District,227,Taipei
Kitchen 12-Sheraton Grande Taipei Hotel,"Chinese, Asian",4,Zhongzheng District,3588,Taipei
Golden Phoenix Hall Cantonese Cuisine,"Chinese, Asian",4.2,Zhongshan District,669,Taipei
Mala Yuanyang Hotpot,"Chinese, Asian",4.3,Wanhua,242,Taipei
Metro Buffet - Caesar Metro Taipei,"Chinese, Japanese",3.9,Wanhua,179,Taipei
Little Mongolian Taipei Station(hotpot),"Chinese, Asian",4.1,Zhongzheng District,329,Taipei
Top Cap Steakhouse,"Steakhouse, European",4.3,Xinyi District,499,Taipei
"Mayur Indian Kitchen Vegetarian restaurant, MIK-3",Indian,4.5,Zhongshan District,344,Taipei
Mala Hotpot,"Chinese, Asian",4.3,Xinyi District,130,Taipei
Niang Zi Korean Food,"Barbecue, Asian",4.2,Songshan,1268,Taipei
Danny & Company,Steakhouse,4.5,Da'an,348,Taipei
Tokiya (Taipei Chongqing S. Branch),NA,4.2,Zhongzheng District,320,Taipei
Ai Zai Cai Ru Rou Fan,Chinese,4.3,Beitou,55,Taipei
Rainbow Terrace the Atrium,"Chinese, International",4.2,Da'an,495,Taipei
Sukhothai - Sheraton Grand Taipei Hotel,"Asian, Thai",4.2,Zhongzheng District,389,Taipei
Shihlin Kitchen - Renaissance Taipei Shihlin Hotel,"Italian, Seafood",3.9,Shilin,332,Taipei
Dian Shui Lou - Huaining,"Chinese, Asian",4,Zhongzheng District,537,Taipei
Shuang Yue Food,"Chinese, Asian",4.4,Zhongzheng District,65,Taipei
Da Antonio Ristorante Italiano,Italian,4.1,Xinyi District,407,Taipei
Steak Inn,"Steakhouse, Seafood",4.4,Da'an,506,Taipei
French Windows - British TeaHouse,"Italian, European",4.6,Xinyi District,360,Taipei
Saffron Fine Indian Cuisine,"Indian, Asian",4.6,Shilin,243,Taipei
Chamonix Teppanaki - Zhongxiao  E. Rd Branch,NA,4.5,Da'an,362,Taipei
Antoine Room-Sheraton Grande Taipei Hotel,"French, European",4.5,Zhongzheng District,258,Taipei
Top One Pot JiLin,"Chinese, Asian",4.3,Zhongshan District,379,Taipei
Manlai Hot Spring Ramen,"Japanese, Asian",3.7,Beitou,121,Taipei
Nook Restaurant,"Chinese, American",4.5,Beitou,39,Taipei
Thai Town Cuisine - Taipei Main Station Mitsukoshi Store,Thai,4.3,Zhongzheng District,150,Taipei
Hestia Tapas Bar,"Mediterranean, European",4.3,Songshan,248,Taipei
Hooters Taipei,"Bars & Pubs, American",3.9,Songshan,110,Taipei
Taoran Ting Restaurant,"Chinese, Asian",4.2,Songshan,85,Taipei
Checkers,"Chinese, Asian",3.9,Zhongzheng District,1990,Taipei
Beitou Kagaya,"Japanese, Asian",4,Beitou,65,Taipei
Da Dao Cheng Braised Pork On Rice,"Asian, Taiwanese",4.7,Datong,27,Taipei
The Jade Lounge,NA,4.9,Songshan,120,Taipei
Driftwood Ximending,"Bars & Pubs, Bar",4.6,Wanhua,42,Taipei
Marco Polo,"Italian, European",4.5,Da'an,218,Taipei
ikki (Taipei Dunhua N. Branch),"Japanese, Asian",4.3,Songshan,382,Taipei
Wired Chaya (Neihu),"Chinese, JapaneseOpen now",4.3,Neihu,47,Taipei
Yakitori - Da Zhi,"Japanese, Asian",4.4,Zhongshan District,328,Taipei
KiKi Eslite XinYi Branch,"Chinese, Szechuan",4.2,Xinyi District,341,Taipei
Eatogether - Q Square,Asian,4.2,Datong,104,Taipei
TGI Fridays,"Bar, Pub",4.2,Zhongzheng District,437,Taipei
Yonghe Century Soy Milk King,Taiwanese,4.1,Datong,138,Taipei
Sushiro - Taiwan Flagship Restaurant,"Japanese, Sushi",4.2,Zhongzheng District,62,Taipei
Very Thai Restaurant - Nangang CTBC Financial Park Store,Thai,4.3,Nangang,132,Taipei
INJOY Seafood HotPot,"Seafood, Asian",4.5,Da'an,286,Taipei
Li He Fa Glutinous Oil Rice & Rice Cake Shop,Asian,4.4,Datong,80,Taipei
TGI Friday's,"American, Bar",4.2,Xinyi District,942,Taipei
Tasty Steak (Taipei Roosevelt Branch),"American, Steakhouse",4.4,Da'an,213,Taipei
Moksha indian restaurant,"Indian, Asian",4.7,Shilin,70,Taipei
